sequence,visible_token,key255_value,approx_x_1024_image,approx_y_1024_image,glyph_confidence,notes
1,FF,d,416,786,high,
2,67,i,502,786,medium-high,
3,85,s,564,786,high,
4,33,g,620,783,high,
5,XX,u,705,781,high,
6,[st sign],st,783,780,high,"Formerly normalized60; key gives graphic match forst, high confidence"
7,LL,i,860,775,high,
8,113,r,246,830,medium-high,
9,WW,t,330,824,high,
10,119,u,413,833,high,
11,74,n,486,827,high,
12,26,d,550,825,high,
13,28,e,609,827,high,
14,83,r,668,820,high,
15,117,t,731,822,high,
16,20,a,792,820,high,
17,PP,n,848,811,medium-high,Corrected from bb/BB by same-hand P in clear word Proposition; compare source crops. Key PP=n.
18,37,i,896,822,high,
19,104,n,251,872,high,
20,634,[634],340,863,high,No value established from inspected alphabet/syllable sheet
